{"business_id":"0DI8Dt2PJp07XkVvIElIcQ","name":"Innovative Vapors","neighborhood":"","address":"227 E Baseline Rd, Ste J2","city":"Tempe","state":"AZ","postal_code":"85283","latitude":33.3782141,"longitude":-111.936102,"stars":4.5,"review_count":17,"is_open":0,"attributes":["BikeParking: True","BusinessAcceptsBitcoin: False","BusinessAcceptsCreditCards: True","BusinessParking: {'garage': False, 'street': False, 'validated': False, 'lot': True, 'valet': False}","DogsAllowed: False","RestaurantsPriceRange2: 2","WheelchairAccessible: True"],"categories":["Tobacco Shops","Nightlife","Vape Shops","Shopping"],"hours":["Monday 11:0-21:0","Tuesday 11:0-21:0","Wednesday 11:0-21:0","Thursday 11:0-21:0","Friday 11:0-22:0","Saturday 10:0-22:0","Sunday 11:0-18:0"],"type":"business"}
{"business_id":"LTlCaCGZE14GuaUXUGbamg","name":"Cut and Taste","neighborhood":"","address":"495 S Grand Central Pkwy","city":"Las Vegas","state":"NV","postal_code":"89106","latitude":36.1922841,"longitude":-115.1592718,"stars":5.0,"review_count":9,"is_open":1,"attributes":["BusinessAcceptsBitcoin: False","BusinessAcceptsCreditCards: True"],"categories":["Caterers","Grocery","Food","Event Planning & Services","Party & Event Planning","Specialty Food"],"hours":["Monday 0:0-0:0","Tuesday 0:0-0:0","Wednesday 0:0-0:0","Thursday 0:0-0:0","Friday 0:0-0:0","Saturday 0:0-0:0","Sunday 0:0-0:0"],"type":"business"}
{"business_id":"EDqCEAGXVGCH4FJXgqtjqg","name":"Pizza Pizza","neighborhood":"Dufferin Grove","address":"979 Bloor Street W","city":"Toronto","state":"ON","postal_code":"M6H 1L5","latitude":43.661054,"longitude":-79.429089,"stars":2.5,"review_count":7,"is_open":1,"attributes":["Alcohol: none","Ambience: {'romantic': False, 'intimate': False, 'classy': False, 'hipster': False, 'touristy': False, 'trendy': False, 'upscale': False, 'casual': False}","BikeParking: True","BusinessAcceptsCreditCards: True","BusinessParking: {'garage': False, 'street': False, 'validated': False, 'lot': False, 'valet': False}","Caters: True","GoodForKids: True","GoodForMeal: {'dessert': False, 'latenight': False, 'lunch': False, 'dinner': False, 'breakfast': False, 'brunch': False}","HasTV: True","NoiseLevel: quiet","OutdoorSeating: False","RestaurantsAttire: casual","RestaurantsDelivery: True","RestaurantsGoodForGroups: True","RestaurantsPriceRange2: 1","RestaurantsReservations: False","RestaurantsTableService: False","RestaurantsTakeOut: True","WiFi: free"],"categories":["Restaurants","Pizza","Chicken Wings","Italian"],"hours":["Monday 11:0-2:0","Tuesday 11:0-2:0","Wednesday 11:0-2:0","Thursday 11:0-3:0","Friday 11:0-3:0","Saturday 11:0-3:0","Sunday 11:0-2:0"],"type":"business"}
{"business_id":"cnGIivYRLxpF7tBVR_JwWA","name":"Plush Salon and Spa","neighborhood":"","address":"7014 Steubenville Pike","city":"Oakdale","state":"PA","postal_code":"15071","latitude":40.4445439533,"longitude":-80.1745398943,"stars":4.0,"review_count":4,"is_open":1,"attributes":["AcceptsInsurance: False","BusinessAcceptsCreditCards: True","BusinessParking: {'garage': False, 'street': False, 'validated': False, 'lot': True, 'valet': False}","ByAppointmentOnly: True","HairSpecializesIn: {'coloring': False, 'africanamerican': False, 'curly': False, 'perms': False, 'kids': False, 'extensions': False, 'asian': False, 'straightperms': False}","RestaurantsPriceRange2: 3"],"categories":["Hair Removal","Beauty & Spas","Blow Dry\/Out Services","Hair Stylists","Hair Extensions","Massage","Permanent Makeup","Waxing","Hair Salons"],"hours":["Tuesday 10:0-21:0","Wednesday 10:0-21:0","Thursday 10:0-21:0","Friday 10:0-18:0","Saturday 9:0-16:0"],"type":"business"}
{"business_id":"cdk-qqJ71q6P7TJTww_DSA","name":"Comfort Inn","neighborhood":"Downtown Core","address":"321 Jarvis Street","city":"Toronto","state":"ON","postal_code":"M5B 2C2","latitude":43.6598286,"longitude":-79.3754006,"stars":3.0,"review_count":8,"is_open":1,"attributes":["BusinessAcceptsCreditCards: True","RestaurantsPriceRange2: 2","WiFi: free"],"categories":["Hotels & Travel","Event Planning & Services","Hotels"],"hours":null,"type":"business"}
{"business_id":"Q9rsaUiQ-A3NdEAloy0aJA","name":"A Plus Nail","neighborhood":"","address":"30 Gibson Drive, Suite122","city":"Markham","state":"ON","postal_code":"L3R 2S3","latitude":43.82764,"longitude":-79.342722,"stars":2.5,"review_count":3,"is_open":1,"attributes":["BusinessAcceptsCreditCards: True","ByAppointmentOnly: True","RestaurantsPriceRange2: 3"],"categories":["Nail Salons","Beauty & Spas"],"hours":["Monday 10:30-20:0","Tuesday 10:30-20:0","Thursday 10:30-20:0","Friday 10:30-20:0","Saturday 10:30-19:0","Sunday 10:30-19:0"],"type":"business"}
{"business_id":"Cu4_Fheh7IrzGiK-Pc79ig","name":"Boomerang Baby","neighborhood":"","address":"10875 N Frankloyd Wright Blvd","city":"Scottsdale","state":"AZ","postal_code":"85259","latitude":33.5852707,"longitude":-111.8349538,"stars":3.5,"review_count":8,"is_open":1,"attributes":["BikeParking: True","BusinessAcceptsCreditCards: True","BusinessParking: {'garage': False, 'street': False, 'validated': False, 'lot': True, 'valet': False}","RestaurantsPriceRange2: 2","WheelchairAccessible: True"],"categories":["Baby Gear & Furniture","Shopping"],"hours":["Monday 10:0-18:0","Tuesday 10:0-18:0","Wednesday 10:0-18:0","Thursday 10:0-18:0","Friday 10:0-18:0","Saturday 10:0-18:0","Sunday 11:0-16:0"],"type":"business"}
{"business_id":"GDnbt3isfhd57T1QqU6flg","name":"Taco Bell","neighborhood":"","address":"11072 No Frank Lloyd Wright","city":"Scottsdale","state":"AZ","postal_code":"85259","latitude":33.58671,"longitude":-111.83541,"stars":2.5,"review_count":9,"is_open":1,"attributes":["Alcohol: none","Ambience: {'romantic': False, 'intimate': False, 'classy': False, 'hipster': False, 'divey': False, 'touristy': False, 'trendy': False, 'upscale': False, 'casual': False}","BikeParking: True","BusinessAcceptsCreditCards: True","BusinessParking: {'garage': False, 'street': False, 'validated': False, 'lot': False, 'valet': False}","DriveThru: True","GoodForKids: True","GoodForMeal: {'dessert': False, 'latenight': False, 'lunch': False, 'dinner': False, 'breakfast': False, 'brunch': False}","HasTV: False","NoiseLevel: quiet","OutdoorSeating: False","RestaurantsAttire: casual","RestaurantsDelivery: False","RestaurantsGoodForGroups: True","RestaurantsPriceRange2: 1","RestaurantsReservations: False","RestaurantsTableService: False","RestaurantsTakeOut: True","WiFi: no"],"categories":["Tex-Mex","Mexican","Fast Food","Restaurants"],"hours":["Monday 10:0-22:0","Tuesday 10:0-22:0","Wednesday 10:0-22:0","Thursday 10:0-22:0","Friday 10:0-22:0","Saturday 10:0-22:0","Sunday 10:0-22:0"],"type":"business"}
{"business_id":"qwAHit4Tuj1zpO7CxVwOMA","name":"CubeSmart Self Storage","neighborhood":"","address":"11000 North 115th Street","city":"Scottsdale","state":"AZ","postal_code":"85259","latitude":33.5864403,"longitude":-111.8325788,"stars":4.5,"review_count":11,"is_open":1,"attributes":["BusinessAcceptsCreditCards: True"],"categories":["Local Services","Self Storage"],"hours":["Monday 9:30-18:0","Tuesday 9:30-18:0","Wednesday 9:30-18:0","Thursday 9:30-18:0","Friday 9:30-18:0","Saturday 8:30-17:0","Sunday 11:0-15:0"],"type":"business"}
{"business_id":"Nbr0kbtIrVlEcKIZoXWbSw","name":"Sehne Backwaren","neighborhood":"","address":"Hauptstr. 1","city":"Stuttgart","state":"BW","postal_code":"70563","latitude":48.7299,"longitude":9.11242,"stars":3.5,"review_count":3,"is_open":1,"attributes":["BikeParking: True","BusinessAcceptsCreditCards: False","BusinessParking: {'garage': False, 'street': False, 'validated': False, 'lot': False, 'valet': False}","RestaurantsDelivery: False","RestaurantsPriceRange2: 3","RestaurantsTakeOut: True"],"categories":["Food","Bakeries"],"hours":null,"type":"business"}
{"business_id":"MFneYHieJ_lnjMeFUGKVbw","name":"Revv Illusions","neighborhood":"","address":"2553 Wigwam Pkwy","city":"Henderson","state":"NV","postal_code":"89074","latitude":36.0345795,"longitude":-115.0977701,"stars":5.0,"review_count":7,"is_open":1,"attributes":null,"categories":["Nail Salons","Hair Salons","Beauty & Spas"],"hours":["Monday 8:0-19:0","Tuesday 8:0-19:0","Wednesday 8:0-19:0","Thursday 8:0-19:0","Friday 8:0-19:0","Saturday 8:0-17:0","Sunday 10:0-13:0"],"type":"business"}
{"business_id":"42romV8altAeuZuP2OC1gw","name":"Ohana Hawaiian BBQ","neighborhood":"","address":"1500 N Green Valley Pkwy, Ste 230","city":"Henderson","state":"NV","postal_code":"89074","latitude":36.029596485,"longitude":-115.085821152,"stars":4.0,"review_count":38,"is_open":0,"attributes":["Alcohol: none","Ambience: {'romantic': False, 'intimate': False, 'classy': False, 'hipster': False, 'divey': False, 'touristy': False, 'trendy': False, 'upscale': False, 'casual': True}","BusinessAcceptsCreditCards: True","BusinessParking: {'garage': False, 'street': False, 'validated': False, 'lot': True, 'valet': False}","Caters: True","GoodForKids: True","GoodForMeal: {'dessert': False, 'latenight': False, 'lunch': True, 'dinner': True, 'breakfast': False, 'brunch': False}","HasTV: True","NoiseLevel: quiet","OutdoorSeating: False","RestaurantsAttire: casual","RestaurantsDelivery: False","RestaurantsGoodForGroups: True","RestaurantsPriceRange2: 1","RestaurantsReservations: False","RestaurantsTableService: False","RestaurantsTakeOut: True","WiFi: no"],"categories":["Hawaiian","Restaurants","Barbeque"],"hours":["Monday 11:0-21:30","Tuesday 11:0-21:30","Wednesday 11:0-21:30","Thursday 11:0-21:30","Friday 11:0-21:30","Saturday 11:0-21:30","Sunday 11:30-21:0"],"type":"business"}
{"business_id":"iaunX_af5M5lfT2eEm9FMQ","name":"Encore Books and Records","neighborhood":"Notre-Dame-de-Grâce","address":"5670 Sherbrooke Rue W","city":"Montréal","state":"QC","postal_code":"H4A 1W7","latitude":45.4707675,"longitude":-73.6150299,"stars":5.0,"review_count":4,"is_open":1,"attributes":["BikeParking: True","BusinessParking: {'garage': False, 'street': True, 'validated': False, 'lot': False, 'valet': False}","RestaurantsPriceRange2: 1"],"categories":["Shopping","Bookstores","Books","Mags","Music & Video"],"hours":["Monday 11:0-19:0","Tuesday 11:0-19:0","Wednesday 11:0-19:0","Thursday 11:0-21:0","Friday 11:0-21:0","Saturday 11:0-19:0","Sunday 11:0-19:0"],"type":"business"}
{"business_id":"Tc24GX9-ZPr4_SHU0nJZZA","name":"Canyon Ridge Endodontics","neighborhood":"","address":"2525 W Carefree Hwy","city":"Phoenix","state":"AZ","postal_code":"85085","latitude":33.7967745,"longitude":-112.1154511,"stars":4.0,"review_count":4,"is_open":1,"attributes":["ByAppointmentOnly: True"],"categories":["General Dentistry","Health & Medical","Dentists"],"hours":null,"type":"business"}
{"business_id":"6EvETd9FVPJfhT_6AW9iEw","name":"Fossil Store","neighborhood":"","address":"6801 North Lake Mall Drive, 173","city":"Charlotte","state":"NC","postal_code":"28216","latitude":35.3521284,"longitude":-80.8512352,"stars":3.5,"review_count":3,"is_open":1,"attributes":null,"categories":["Leather Goods","Fashion","Watches","Accessories","Shopping"],"hours":["Monday 10:0-21:0","Tuesday 10:0-21:0","Wednesday 10:0-21:0","Thursday 10:0-21:0","Friday 10:0-22:0","Saturday 10:0-22:0","Sunday 11:0-19:0"],"type":"business"}
{"business_id":"DSWsjtAfLYw9a4MTz0kKLw","name":"Best Buy","neighborhood":"","address":"2500 Winston Park Drive, Unit A","city":"Oakville","state":"ON","postal_code":"L6H 7E5","latitude":43.5162547833,"longitude":-79.6859058738,"stars":3.0,"review_count":3,"is_open":1,"attributes":["BikeParking: True","BusinessAcceptsCreditCards: True","BusinessParking: {'garage': False, 'street': False, 'validated': False, 'lot': True, 'valet': False}","RestaurantsPriceRange2: 2"],"categories":["Mobile Phones","Computers","Local Services","Electronics","IT Services & Computer Repair","Shopping"],"hours":["Monday 10:0-21:0","Tuesday 10:0-21:0","Wednesday 10:0-21:0","Thursday 10:0-21:0","Friday 10:0-21:0","Saturday 10:0-21:0","Sunday 11:0-18:0"],"type":"business"}
{"business_id":"SbfEPi-iR4ntf3wRQfxYyw","name":"Woofs, Wiggles N Wags All Breed Rescue","neighborhood":"","address":"","city":"Scottsdale","state":"AZ","postal_code":"","latitude":33.6031328399,"longitude":-111.971311071,"stars":4.5,"review_count":17,"is_open":1,"attributes":null,"categories":["Animal Shelters","Pets"],"hours":null,"type":"business"}
{"business_id":"YCsLfBVdLFeN2Necw1HPSA","name":"Stussy","neighborhood":"Ossington Strip","address":"1000 Queen Street W","city":"Toronto","state":"ON","postal_code":"M6J 1H1","latitude":43.644258153,"longitude":-79.4188293813,"stars":2.0,"review_count":5,"is_open":0,"attributes":["BusinessAcceptsCreditCards: True","BusinessParking: {'garage': False, 'street': False, 'validated': False, 'lot': False, 'valet': False}","RestaurantsPriceRange2: 3"],"categories":["Shoe Stores","Fashion","Men's Clothing","Shopping"],"hours":null,"type":"business"}
{"business_id":"O_4OTnw48ULP5uZh6MqiOQ","name":"Holiday Inn Express & Suites Madison Central","neighborhood":"","address":"610 John Nolen Dr","city":"Madison","state":"WI","postal_code":"53713","latitude":43.048623,"longitude":-89.376341,"stars":4.5,"review_count":14,"is_open":1,"attributes":["BusinessAcceptsCreditCards: True","RestaurantsPriceRange2: 2","WiFi: free"],"categories":["Hotels & Travel","Venues & Event Spaces","Event Planning & Services","Hotels"],"hours":["Monday 0:0-0:0","Tuesday 0:0-0:0","Wednesday 0:0-0:0","Thursday 0:0-0:0","Friday 0:0-0:0","Saturday 0:0-0:0","Sunday 0:0-0:0"],"type":"business"}
{"business_id":"CE0dABv9sfrXjDIJugpU8A","name":"Graceful Cake Creations","neighborhood":"","address":"330 S Gilbert Rd, Ste 15","city":"Mesa","state":"AZ","postal_code":"85204","latitude":33.4091719,"longitude":-111.7884179,"stars":5.0,"review_count":7,"is_open":1,"attributes":["BusinessAcceptsCreditCards: True","BusinessParking: {'garage': False, 'street': True, 'validated': False, 'lot': True, 'valet': False}","RestaurantsDelivery: True","RestaurantsPriceRange2: 2","RestaurantsTakeOut: True","WheelchairAccessible: True"],"categories":["Food","Bakeries"],"hours":["Monday 9:0-16:0","Tuesday 9:0-16:0","Wednesday 9:0-16:0","Thursday 9:0-16:0","Friday 9:0-16:0","Saturday 10:0-15:0","Sunday 10:0-15:0"],"type":"business"}
{"business_id":"QQLW9IESGVMZR4lr09wNJg","name":"Canadian Chinese Table Tennis Association","neighborhood":"Milliken","address":"1181 Denison St","city":"Markham","state":"ON","postal_code":"L3R 4B2","latitude":43.8311477,"longitude":-79.3222861,"stars":3.5,"review_count":3,"is_open":1,"attributes":null,"categories":["Sports Clubs","Active Life"],"hours":null,"type":"business"}
{"business_id":"DNyYOxVAfu0oUcPNL1ljCQ","name":"Chez Lionel","neighborhood":"","address":"1052 Lionel-Daunais, Suite 302","city":"Boucherville","state":"QC","postal_code":"J4B 0B2","latitude":45.590227,"longitude":-73.430235,"stars":3.5,"review_count":7,"is_open":1,"attributes":["BusinessAcceptsCreditCards: True","GoodForKids: True","GoodForMeal: {'dessert': False, 'latenight': False, 'lunch': False, 'dinner': False, 'breakfast': False, 'brunch': False}","RestaurantsAttire: casual","RestaurantsDelivery: False","RestaurantsGoodForGroups: True","RestaurantsReservations: True","RestaurantsTakeOut: False"],"categories":["Restaurants","Cafes"],"hours":null,"type":"business"}
{"business_id":"0s03ippU5tXAxVV9ImjQvw","name":"Mayfield Cemetery","neighborhood":"","address":"2749 Mayfield Rd","city":"Cleveland","state":"OH","postal_code":"44106","latitude":41.513477,"longitude":-81.5822419,"stars":3.5,"review_count":3,"is_open":1,"attributes":null,"categories":["Local Services","Funeral Services & Cemeteries"],"hours":null,"type":"business"}
{"business_id":"a1Ba6XeIOP48e64YFD0dMw","name":"La Prep","neighborhood":"Ville-Marie","address":"2000 Mansfield Street, Suite 104","city":"Montréal","state":"QC","postal_code":"H3A 2Z6","latitude":45.5023462,"longitude":-73.5738073,"stars":4.0,"review_count":3,"is_open":1,"attributes":["Caters: True"],"categories":["Sandwiches","Breakfast & Brunch","Salad","Restaurants"],"hours":["Monday 6:30-17:0","Tuesday 6:30-17:0","Wednesday 6:30-17:0","Thursday 6:30-17:0","Friday 6:30-17:0"],"type":"business"}
{"business_id":"GVT9RQMCqPiHw231ncehFw","name":"Infinite Yoga","neighborhood":"","address":"4870 Tomken Rd, Units 3-4","city":"Mississauga","state":"ON","postal_code":"L4W 1J8","latitude":43.625834,"longitude":-79.6292708,"stars":4.0,"review_count":6,"is_open":1,"attributes":["BikeParking: True","BusinessParking: {'garage': False, 'street': False, 'validated': False, 'lot': False, 'valet': False}","ByAppointmentOnly: False","GoodForKids: False"],"categories":["Active Life","Fitness & Instruction","Yoga"],"hours":["Monday 9:30-10:30","Monday 12:0-13:0","Monday 17:0-18:0","Monday 18:30-19:30","Monday 20:0-21:0","Tuesday 12:0-13:0","Tuesday 17:0-18:0","Tuesday 18:30-19:30","Tuesday 20:0-21:0","Wednesday 12:0-13:0","Wednesday 17:0-18:0","Wednesday 18:0-19:30","Wednesday 20:0-21:0","Thursday 9:30-11:0","Thursday 12:0-13:0","Thursday 17:0-18:0","Thursday 18:30-20:0","Thursday 20:0-21:0","Friday 12:0-13:0","Friday 17:30-18:30","Friday 19:0-20:0","Friday 21:30-22:0","Saturday 8:0-9:0","Saturday 9:30-11:0","Saturday 11:30-12:30","Sunday 8:0-9:0","Sunday 9:30-11:0","Sunday 11:30-12:30","Sunday 17:0-18:0"],"type":"business"}
{"business_id":"826djy6K_9Fp0ptqJ2_Yag","name":"Chipotle Mexican Grill","neighborhood":"Downtown Core","address":"123 Front St, Unit 103 and 103-A","city":"Toronto","state":"ON","postal_code":"M5J 2M2","latitude":43.6449201,"longitude":-79.3833328,"stars":3.5,"review_count":68,"is_open":1,"attributes":["Alcohol: none","Ambience: {'romantic': False, 'intimate': False, 'classy': False, 'hipster': False, 'touristy': False, 'trendy': False, 'upscale': False, 'casual': True}","BikeParking: True","BusinessAcceptsCreditCards: True","BusinessParking: {'garage': True, 'street': False, 'validated': False, 'lot': False, 'valet': False}","Caters: True","DriveThru: False","GoodForKids: True","GoodForMeal: {'dessert': False, 'latenight': False, 'lunch': True, 'dinner': True, 'breakfast': False, 'brunch': False}","HasTV: False","NoiseLevel: loud","OutdoorSeating: False","RestaurantsAttire: casual","RestaurantsDelivery: False","RestaurantsGoodForGroups: True","RestaurantsPriceRange2: 2","RestaurantsReservations: False","RestaurantsTableService: False","RestaurantsTakeOut: True","WiFi: no"],"categories":["Fast Food","Mexican","Restaurants"],"hours":["Monday 10:45-22:0","Tuesday 10:45-22:0","Wednesday 10:45-22:0","Thursday 10:45-22:0","Friday 10:45-22:0","Saturday 10:45-22:0","Sunday 10:45-22:0"],"type":"business"}
{"business_id":"AGN788ObhwXu7rb8MEejIA","name":"Sheik Shoes","neighborhood":"Westside","address":"4300 Meadows Ln","city":"Las Vegas","state":"NV","postal_code":"89107","latitude":36.172259,"longitude":-115.1963237,"stars":1.5,"review_count":4,"is_open":1,"attributes":["BusinessAcceptsCreditCards: True","RestaurantsPriceRange2: 2","WheelchairAccessible: True"],"categories":["Shoe Stores","Fashion","Shopping"],"hours":null,"type":"business"}
{"business_id":"lHYMeXf8JH1Q8Dazn9s3Gg","name":"Discount Tire Store - Charlotte, NC","neighborhood":"University City","address":"7850 N Tryon St","city":"Charlotte","state":"NC","postal_code":"28262","latitude":35.295623,"longitude":-80.754429,"stars":4.5,"review_count":18,"is_open":1,"attributes":["BusinessAcceptsCreditCards: True"],"categories":["Tires","Automotive","Auto Parts & Supplies","Wheel & Rim Repair"],"hours":["Monday 8:0-18:0","Tuesday 8:0-18:0","Wednesday 8:0-18:0","Thursday 8:0-18:0","Friday 8:0-18:0","Saturday 8:0-17:0"],"type":"business"}
{"business_id":"sY_hAfwWzgr0sxyMgMB5Jg","name":"Verizon","neighborhood":"","address":"9705 Sam Furr Rd, Ste B","city":"Huntersville","state":"NC","postal_code":"28078","latitude":35.4430145734,"longitude":-80.8639253676,"stars":3.0,"review_count":7,"is_open":1,"attributes":["BikeParking: False","BusinessAcceptsCreditCards: True","BusinessParking: {'garage': False, 'street': False, 'validated': False, 'lot': True, 'valet': False}","ByAppointmentOnly: True","RestaurantsPriceRange2: 2"],"categories":["Electronics","Professional Services","Shopping","Internet Service Providers","Home Services","Mobile Phones"],"hours":["Monday 10:0-20:0","Tuesday 10:0-20:0","Wednesday 10:0-20:0","Thursday 10:0-20:0","Friday 10:0-20:0","Saturday 9:0-20:0","Sunday 12:0-18:0"],"type":"business"}
{"business_id":"Mi5uhdFB9OJteXPd0_IKfw","name":"Carrabba's Italian Grill","neighborhood":"","address":"5646 W Bell Rd","city":"Glendale","state":"AZ","postal_code":"85308","latitude":33.6393005153,"longitude":-112.180893379,"stars":3.5,"review_count":119,"is_open":1,"attributes":["Alcohol: full_bar","Ambience: {'romantic': False, 'intimate': False, 'classy': False, 'hipster': False, 'divey': False, 'touristy': False, 'trendy': False, 'upscale': False, 'casual': True}","BikeParking: True","BusinessAcceptsCreditCards: True","BusinessParking: {'garage': False, 'street': False, 'validated': False, 'lot': True, 'valet': False}","Caters: True","GoodForKids: True","GoodForMeal: {'dessert': False, 'latenight': False, 'lunch': False, 'dinner': True, 'breakfast': False, 'brunch': False}","HasTV: True","NoiseLevel: average","OutdoorSeating: False","RestaurantsAttire: casual","RestaurantsDelivery: False","RestaurantsGoodForGroups: True","RestaurantsPriceRange2: 2","RestaurantsReservations: True","RestaurantsTableService: True","RestaurantsTakeOut: True","WheelchairAccessible: True","WiFi: no"],"categories":["Restaurants","Italian","Seafood"],"hours":["Monday 16:0-22:0","Tuesday 16:0-22:0","Wednesday 16:0-22:0","Thursday 16:0-22:0","Friday 11:0-23:0","Saturday 11:0-23:0","Sunday 11:0-21:0"],"type":"business"}
{"business_id":"PCNeANrp7puV3nE-HI2JrQ","name":"Gallagher Chiropractic","neighborhood":"","address":"7810 Ballantyne Commons Pkwy, Ste 101","city":"Charlotte","state":"NC","postal_code":"28277","latitude":35.059117,"longitude":-80.811356,"stars":5.0,"review_count":6,"is_open":1,"attributes":["AcceptsInsurance: True","BusinessAcceptsCreditCards: True","ByAppointmentOnly: False"],"categories":["Health & Medical","Chiropractors"],"hours":["Monday 8:30-18:0","Tuesday 8:30-12:0","Wednesday 8:30-18:0","Thursday 15:0-18:0","Friday 8:30-18:0"],"type":"business"}
{"business_id":"XxjrqA5jrzLH0EdCKUG9Mw","name":"I Deal Coffee","neighborhood":"Leslieville","address":"1560 Queen St E","city":"Toronto","state":"ON","postal_code":"M4L 1E9","latitude":43.6658792,"longitude":-79.3189651,"stars":4.5,"review_count":4,"is_open":0,"attributes":["BusinessAcceptsCreditCards: False","BusinessParking: {'garage': False, 'street': True, 'validated': False, 'lot': False, 'valet': False}","RestaurantsPriceRange2: 1","WiFi: free"],"categories":["Desserts","Coffee & Tea","Food"],"hours":null,"type":"business"}
{"business_id":"Uxh0fXFH_QQBivRnIBpdiw","name":"Don Tequila","neighborhood":"","address":"2269 Kresge Dr","city":"Amherst","state":"OH","postal_code":"44001","latitude":41.4161517,"longitude":-82.2076029,"stars":3.5,"review_count":22,"is_open":1,"attributes":["Alcohol: full_bar","Ambience: {'romantic': False, 'intimate': False, 'classy': False, 'hipster': False, 'divey': False, 'touristy': False, 'trendy': False, 'upscale': False, 'casual': True}","BikeParking: False","BusinessAcceptsCreditCards: True","BusinessParking: {'garage': False, 'street': False, 'validated': False, 'lot': True, 'valet': False}","Caters: False","GoodForKids: True","GoodForMeal: {'dessert': False, 'latenight': False, 'lunch': False, 'dinner': True, 'breakfast': False, 'brunch': False}","HasTV: True","NoiseLevel: average","OutdoorSeating: True","RestaurantsAttire: casual","RestaurantsDelivery: False","RestaurantsGoodForGroups: True","RestaurantsPriceRange2: 2","RestaurantsReservations: False","RestaurantsTableService: True","RestaurantsTakeOut: True","WiFi: no"],"categories":["Restaurants","Mexican","American (Traditional)"],"hours":["Monday 11:0-22:0","Tuesday 11:0-22:0","Wednesday 11:0-22:0","Thursday 11:0-22:0","Friday 11:0-22:30","Saturday 11:0-22:30","Sunday 11:0-21:0"],"type":"business"}
{"business_id":"YPavuOh2XsnRbLfl0DH2lQ","name":"Lo-Lo's Chicken & Waffles","neighborhood":"","address":"1220 S Central Ave","city":"Phoenix","state":"AZ","postal_code":"85003","latitude":33.4353717916,"longitude":-112.073970304,"stars":4.0,"review_count":1276,"is_open":1,"attributes":["Alcohol: full_bar","Ambience: {'romantic': False, 'intimate': False, 'classy': False, 'hipster': False, 'divey': False, 'touristy': False, 'trendy': False, 'upscale': False, 'casual': True}","BYOB: False","BYOBCorkage: yes_free","BikeParking: True","BusinessAcceptsCreditCards: True","BusinessParking: {'garage': False, 'street': True, 'validated': False, 'lot': True, 'valet': True}","Caters: True","Corkage: False","DogsAllowed: False","GoodForKids: True","GoodForMeal: {'dessert': False, 'latenight': False, 'lunch': True, 'dinner': True, 'breakfast': False, 'brunch': False}","HasTV: True","NoiseLevel: average","OutdoorSeating: True","RestaurantsAttire: casual","RestaurantsCounterService: False","RestaurantsDelivery: False","RestaurantsGoodForGroups: True","RestaurantsPriceRange2: 2","RestaurantsReservations: False","RestaurantsTableService: True","RestaurantsTakeOut: True","WheelchairAccessible: True","WiFi: free"],"categories":["Restaurants","Waffles","Southern","Soul Food"],"hours":["Monday 9:0-22:0","Tuesday 9:0-22:0","Wednesday 9:0-22:0","Thursday 9:0-22:0","Friday 8:0-23:0","Saturday 8:0-23:0","Sunday 8:0-18:0"],"type":"business"}
{"business_id":"jjittNH37QbiDXipjwRFtA","name":"Leeson's 10 Minute Oil Change","neighborhood":"","address":"6881 W 130th St","city":"Cleveland","state":"OH","postal_code":"44130","latitude":41.3776431854,"longitude":-81.7843777709,"stars":4.0,"review_count":3,"is_open":1,"attributes":null,"categories":["Auto Repair","Automotive","Oil Change Stations"],"hours":["Monday 9:15-18:0","Tuesday 9:15-18:0","Wednesday 9:15-18:0","Thursday 9:15-18:0","Friday 9:15-18:0","Saturday 10:0-17:0"],"type":"business"}
{"business_id":"7cIRj82eLbyvNG43lemt1A","name":"Dee Gainey's Body Shop","neighborhood":"","address":"1537 S Mint St","city":"Charlotte","state":"NC","postal_code":"28203","latitude":35.2181627,"longitude":-80.8619108,"stars":4.5,"review_count":7,"is_open":1,"attributes":["BusinessAcceptsCreditCards: False"],"categories":["Auto Repair","Automotive","Body Shops"],"hours":["Monday 7:30-17:0","Tuesday 7:30-17:0","Wednesday 7:30-17:0","Thursday 7:30-17:0","Friday 7:30-16:0"],"type":"business"}
{"business_id":"XK5w8XnbP8CdeoB44kn1bg","name":"Mail Link","neighborhood":"","address":"848 N Rainbow Blvd","city":"Las Vegas","state":"NV","postal_code":"89107","latitude":36.1808408,"longitude":-115.241325,"stars":4.0,"review_count":14,"is_open":1,"attributes":["BusinessAcceptsCreditCards: True"],"categories":["Local Services","Notaries","Professional Services","Shipping Centers","Mailbox Centers","Lawyers"],"hours":["Monday 9:0-17:0","Tuesday 9:0-17:0","Wednesday 9:0-17:0","Thursday 9:0-17:0","Friday 9:0-17:0","Saturday 9:0-13:0"],"type":"business"}
{"business_id":"saWZO6hB4B8P-mIzS1--Xw","name":"Kabob Palace","neighborhood":"Spring Valley","address":"4811 S Rainbow Blvd","city":"Las Vegas","state":"NV","postal_code":"89103","latitude":36.1010205,"longitude":-115.2443122,"stars":2.5,"review_count":15,"is_open":0,"attributes":["Alcohol: full_bar","BusinessAcceptsCreditCards: True","BusinessParking: {'garage': False, 'street': False, 'validated': False, 'lot': True, 'valet': False}","GoodForKids: True","GoodForMeal: {'dessert': False, 'latenight': False, 'lunch': True, 'dinner': True, 'breakfast': False, 'brunch': False}","OutdoorSeating: True","RestaurantsAttire: casual","RestaurantsDelivery: False","RestaurantsGoodForGroups: True","RestaurantsPriceRange2: 2","RestaurantsReservations: True","RestaurantsTableService: True","RestaurantsTakeOut: True","WheelchairAccessible: True"],"categories":["Persian\/Iranian","Restaurants","Ethnic Food","Food","Greek","Specialty Food"],"hours":null,"type":"business"}
{"business_id":"P3LisOj7DktgGa7C5FYpnA","name":"Benjamin Franklin Plumbing","neighborhood":"West View","address":"451 Rochester Rd","city":"Pittsburgh","state":"PA","postal_code":"15237","latitude":40.5341627,"longitude":-80.0498873,"stars":4.0,"review_count":8,"is_open":1,"attributes":["BusinessAcceptsCreditCards: True"],"categories":["Plumbing","Home Services"],"hours":["Monday 9:30-9:0","Tuesday 9:30-9:0","Wednesday 9:30-9:0","Thursday 9:30-9:0","Friday 9:30-9:0","Saturday 9:30-9:0","Sunday 9:30-9:0"],"type":"business"}
{"business_id":"vJ-KyaojDQj1R2BNrlDToA","name":"East 74 Restaurant","neighborhood":"","address":"13801 Indian Trail Fairvie","city":"Indian Trail","state":"NC","postal_code":"28079","latitude":35.1420067,"longitude":-80.5469564,"stars":3.0,"review_count":5,"is_open":0,"attributes":["Alcohol: none","Ambience: {'romantic': False, 'intimate': False, 'classy': False, 'hipster': False, 'divey': False, 'touristy': False, 'trendy': False, 'upscale': False, 'casual': False}","BusinessAcceptsCreditCards: True","BusinessParking: {'garage': False, 'street': False, 'validated': False, 'lot': False, 'valet': False}","GoodForKids: True","GoodForMeal: {'dessert': False, 'latenight': False, 'lunch': False, 'dinner': False, 'breakfast': False, 'brunch': False}","NoiseLevel: average","RestaurantsAttire: casual","RestaurantsDelivery: False","RestaurantsPriceRange2: 1","RestaurantsTableService: True","RestaurantsTakeOut: True"],"categories":["American (Traditional)","Restaurants"],"hours":null,"type":"business"}
{"business_id":"hovoWva_UjbnyLWEbnFvBw","name":"Thai Gourmet","neighborhood":"","address":"3732 Darrow Rd Ste 5","city":"Stow","state":"OH","postal_code":"44224","latitude":41.1657087,"longitude":-81.4413704,"stars":3.5,"review_count":68,"is_open":1,"attributes":["Alcohol: full_bar","Ambience: {'romantic': False, 'intimate': False, 'classy': False, 'hipster': False, 'divey': False, 'touristy': False, 'trendy': False, 'upscale': False, 'casual': True}","BikeParking: True","BusinessAcceptsCreditCards: True","BusinessParking: {'garage': False, 'street': False, 'validated': False, 'lot': True, 'valet': False}","GoodForKids: True","GoodForMeal: {'dessert': False, 'latenight': False, 'lunch': True, 'dinner': True, 'breakfast': False, 'brunch': False}","HasTV: False","NoiseLevel: average","OutdoorSeating: False","RestaurantsAttire: casual","RestaurantsDelivery: False","RestaurantsGoodForGroups: True","RestaurantsPriceRange2: 2","RestaurantsReservations: True","RestaurantsTableService: True","RestaurantsTakeOut: True","WheelchairAccessible: True","WiFi: no"],"categories":["Thai","Restaurants"],"hours":["Monday 11:0-21:30","Tuesday 11:0-21:30","Wednesday 11:0-21:30","Thursday 11:0-21:30","Friday 11:0-21:30","Saturday 11:0-22:30","Sunday 11:0-22:30"],"type":"business"}
{"business_id":"OLG7Gou8kmTLxogtJyP6ZQ","name":"Z-Teca","neighborhood":"The Beach","address":"2014 Queen Street E","city":"Toronto","state":"ON","postal_code":"M4L 1J3","latitude":43.6703273526,"longitude":-79.2991900072,"stars":1.5,"review_count":4,"is_open":0,"attributes":["BusinessAcceptsCreditCards: True","GoodForKids: True","GoodForMeal: {'dessert': False, 'latenight': False, 'lunch': False, 'dinner': False, 'breakfast': False, 'brunch': False}","HasTV: False","OutdoorSeating: False","RestaurantsAttire: casual","RestaurantsDelivery: False","RestaurantsGoodForGroups: True","RestaurantsPriceRange2: 1","RestaurantsReservations: False","RestaurantsTableService: False","RestaurantsTakeOut: True","WiFi: no"],"categories":["Tex-Mex","Restaurants"],"hours":["Monday 11:0-21:0","Tuesday 11:0-21:0","Wednesday 11:0-21:0","Thursday 11:0-21:0","Friday 11:0-21:0","Saturday 11:0-21:0","Sunday 11:0-21:0"],"type":"business"}
{"business_id":"p4VrKw8CufwzBbvJkuLksQ","name":"Tea Shop 168","neighborhood":"Milliken","address":"4300 Steeles Ave E","city":"Markham","state":"ON","postal_code":"L3R 0Y5","latitude":43.8261994,"longitude":-79.3063174,"stars":2.5,"review_count":3,"is_open":1,"attributes":["BusinessParking: {'garage': False, 'street': False, 'validated': False, 'lot': False, 'valet': False}","OutdoorSeating: False","RestaurantsPriceRange2: 1"],"categories":["Food","Coffee & Tea"],"hours":null,"type":"business"}
{"business_id":"8Tq8l82FtDyHelc6C8FRzw","name":"Pancake House","neighborhood":"","address":"1700 N Chester St","city":"Gastonia","state":"NC","postal_code":"28052","latitude":35.2818742,"longitude":-81.1883519,"stars":3.5,"review_count":22,"is_open":1,"attributes":["Alcohol: none","Ambience: {'romantic': False, 'intimate': False, 'classy': False, 'hipster': False, 'divey': False, 'touristy': False, 'trendy': False, 'upscale': False, 'casual': False}","BikeParking: False","BusinessAcceptsCreditCards: True","BusinessParking: {'garage': False, 'street': False, 'validated': False, 'lot': False, 'valet': False}","Caters: False","GoodForKids: True","GoodForMeal: {'dessert': False, 'latenight': False, 'lunch': False, 'dinner': False, 'breakfast': True, 'brunch': False}","HasTV: False","OutdoorSeating: False","RestaurantsAttire: casual","RestaurantsDelivery: False","RestaurantsGoodForGroups: True","RestaurantsPriceRange2: 1","RestaurantsReservations: False","RestaurantsTableService: True","RestaurantsTakeOut: True","WiFi: no"],"categories":["Breakfast & Brunch","Sandwiches","Restaurants"],"hours":null,"type":"business"}
{"business_id":"93otbGHE0s0m-lU1osvg9w","name":"Rivertowne","neighborhood":"North Side","address":"337 N Shore Dr","city":"Pittsburgh","state":"PA","postal_code":"15212","latitude":40.4459861,"longitude":-80.0108802,"stars":3.0,"review_count":102,"is_open":1,"attributes":["Alcohol: full_bar","Ambience: {'romantic': False, 'intimate': False, 'classy': False, 'hipster': False, 'divey': False, 'touristy': False, 'trendy': False, 'upscale': False, 'casual': True}","BestNights: {'monday': False, 'tuesday': False, 'friday': True, 'wednesday': False, 'thursday': False, 'sunday': True, 'saturday': True}","BikeParking: True","BusinessAcceptsCreditCards: True","BusinessParking: {'garage': False, 'street': True, 'validated': False, 'lot': False, 'valet': False}","Caters: False","CoatCheck: False","GoodForDancing: False","GoodForKids: True","GoodForMeal: {'dessert': False, 'latenight': False, 'lunch': True, 'dinner': True, 'breakfast': False, 'brunch': False}","HappyHour: True","HasTV: True","Music: {'dj': False, 'background_music': False, 'no_music': False, 'karaoke': False, 'live': False, 'video': False, 'jukebox': False}","NoiseLevel: loud","OutdoorSeating: True","RestaurantsAttire: casual","RestaurantsDelivery: False","RestaurantsGoodForGroups: True","RestaurantsPriceRange2: 2","RestaurantsReservations: False","RestaurantsTableService: True","RestaurantsTakeOut: True","Smoking: no","WheelchairAccessible: True","WiFi: free"],"categories":["American (New)","Pubs","Nightlife","Bars","Restaurants"],"hours":null,"type":"business"}
{"business_id":"2VwwQup4Ko6tyDQeSYjC5Q","name":"Circle K","neighborhood":"","address":"701 E Bethany Home Road","city":"Phoenix","state":"AZ","postal_code":"85014","latitude":33.5234896,"longitude":-112.0646315,"stars":3.0,"review_count":6,"is_open":1,"attributes":["BikeParking: False","BusinessAcceptsCreditCards: True","BusinessParking: {'garage': False, 'street': False, 'validated': False, 'lot': True, 'valet': False}","RestaurantsPriceRange2: 1","WheelchairAccessible: True"],"categories":["Grocery","Food"],"hours":null,"type":"business"}
{"business_id":"wuEWLkSBt41K4m3k5ns_TA","name":"Lil Einsteins Preschool","neighborhood":"","address":"3369 E Queen Creek Rd","city":"Gilbert","state":"AZ","postal_code":"85297","latitude":33.262268,"longitude":-111.716817,"stars":4.5,"review_count":7,"is_open":1,"attributes":["BusinessAcceptsCreditCards: True"],"categories":["Preschools","Elementary Schools","Local Services","Child Care & Day Care","Education"],"hours":["Monday 8:30-16:0","Tuesday 8:30-16:0","Wednesday 8:30-16:0","Thursday 8:30-16:0","Friday 8:30-16:0"],"type":"business"}
{"business_id":"aTOJIPkbgH7mcXZWDtZeVg","name":"CarMax","neighborhood":"","address":"1480 E Motorplex Lp","city":"Gilbert","state":"AZ","postal_code":"85297","latitude":33.2905879,"longitude":-111.7598551,"stars":3.5,"review_count":66,"is_open":1,"attributes":["BusinessAcceptsCreditCards: True"],"categories":["Automotive","Car Buyers","Used Car Dealers","Car Dealers"],"hours":["Monday 10:0-21:0","Tuesday 10:0-21:0","Wednesday 10:0-21:0","Thursday 10:0-21:0","Friday 10:0-21:0","Saturday 9:0-21:0","Sunday 12:0-19:0"],"type":"business"}
{"business_id":"L_thK7r3K_h5M4tV7amEKQ","name":"Honey B Hives Restaurant","neighborhood":"Scarborough","address":"2816 Markham Road","city":"Toronto","state":"ON","postal_code":"M1V 4C3","latitude":43.8229818717,"longitude":-79.2479152131,"stars":3.5,"review_count":118,"is_open":1,"attributes":["Alcohol: full_bar","Ambience: {'romantic': False, 'intimate': False, 'classy': False, 'hipster': False, 'touristy': False, 'trendy': False, 'upscale': False, 'casual': True}","BikeParking: True","BusinessAcceptsCreditCards: True","BusinessParking: {'garage': False, 'street': False, 'validated': False, 'lot': True, 'valet': False}","Caters: True","GoodForKids: True","GoodForMeal: {'dessert': False, 'latenight': True, 'lunch': False, 'dinner': False, 'breakfast': True, 'brunch': True}","HasTV: True","NoiseLevel: average","OutdoorSeating: False","RestaurantsAttire: casual","RestaurantsDelivery: False","RestaurantsGoodForGroups: True","RestaurantsPriceRange2: 1","RestaurantsReservations: True","RestaurantsTableService: True","RestaurantsTakeOut: True","WheelchairAccessible: True","WiFi: free"],"categories":["Diners","Italian","Sandwiches","Breakfast & Brunch","Burgers","Canadian (New)","Restaurants"],"hours":["Monday 0:0-0:0","Tuesday 0:0-0:0","Wednesday 0:0-0:0","Thursday 0:0-0:0","Friday 0:0-0:0","Saturday 0:0-0:0","Sunday 0:0-0:0"],"type":"business"}
{"business_id":"LIvXzdMJrIb6IY5Y3tqicA","name":"Nan and Byron's","neighborhood":"South End","address":"1714 S Blvd","city":"Charlotte","state":"NC","postal_code":"28203","latitude":35.212521,"longitude":-80.857639,"stars":3.5,"review_count":291,"is_open":0,"attributes":["Alcohol: full_bar","Ambience: {'romantic': False, 'intimate': False, 'classy': False, 'hipster': False, 'divey': False, 'touristy': False, 'trendy': True, 'upscale': False, 'casual': False}","BikeParking: True","BusinessAcceptsCreditCards: True","BusinessParking: {'garage': False, 'street': False, 'validated': False, 'lot': True, 'valet': False}","Caters: True","GoodForKids: True","GoodForMeal: {'dessert': False, 'latenight': False, 'lunch': False, 'dinner': False, 'breakfast': False, 'brunch': True}","HasTV: True","NoiseLevel: average","OutdoorSeating: True","RestaurantsAttire: casual","RestaurantsDelivery: False","RestaurantsGoodForGroups: True","RestaurantsPriceRange2: 2","RestaurantsReservations: True","RestaurantsTableService: True","RestaurantsTakeOut: True","WiFi: free"],"categories":["American (New)","Restaurants"],"hours":["Monday 11:0-23:0","Tuesday 11:0-23:0","Wednesday 11:0-23:0","Thursday 11:0-23:0","Friday 11:0-2:0","Saturday 10:0-2:0","Sunday 10:0-23:0"],"type":"business"}
{"business_id":"NsarUMMMPOlMBb6K04x6hw","name":"Juice Almighty","neighborhood":"New Town","address":"7A Castle Street, Corstorphine","city":"Edinburgh","state":"EDH","postal_code":"EH2 3AH","latitude":55.9514606,"longitude":-3.2026603,"stars":4.5,"review_count":8,"is_open":0,"attributes":["Alcohol: none","GoodForKids: True","GoodForMeal: {'dessert': False, 'latenight': False, 'lunch': False, 'dinner': False, 'breakfast': False, 'brunch': False}","OutdoorSeating: True","RestaurantsAttire: casual","RestaurantsDelivery: False","RestaurantsPriceRange2: 1","RestaurantsReservations: False","RestaurantsTableService: False","RestaurantsTakeOut: True","WheelchairAccessible: True"],"categories":["Food","Fast Food","Restaurants","Juice Bars & Smoothies"],"hours":["Monday 7:30-17:30","Tuesday 7:30-17:30","Wednesday 7:30-17:30","Thursday 7:30-17:30","Friday 7:30-17:30","Saturday 8:0-17:0","Sunday 10:30-17:0"],"type":"business"}
{"business_id":"n4zQ-4NPRhQmdu9Q1NymFw","name":"Jin Cheng Bakery","neighborhood":"Scarborough","address":"3636 Avenue Steeles E","city":"Markham","state":"ON","postal_code":"L3R 1K9","latitude":43.8186558,"longitude":-79.3304513,"stars":2.5,"review_count":4,"is_open":1,"attributes":["BusinessAcceptsCreditCards: True"],"categories":["Food","Bakeries"],"hours":null,"type":"business"}
{"business_id":"F53MSa5SYzO9BG8c_JhskQ","name":"Pho Viet","neighborhood":"","address":"3557 W Dunlap Ave","city":"Phoenix","state":"AZ","postal_code":"85051","latitude":33.5670476,"longitude":-112.1361432,"stars":2.5,"review_count":3,"is_open":0,"attributes":null,"categories":["Vietnamese","Restaurants"],"hours":null,"type":"business"}
{"business_id":"hEcn9k6ONd5n2mq0lB2aew","name":"JB's Restaurant","neighborhood":"","address":"3567 W Northern Ave","city":"Phoenix","state":"AZ","postal_code":"85051","latitude":33.5527667,"longitude":-112.1359694,"stars":3.5,"review_count":24,"is_open":1,"attributes":["Alcohol: none","Ambience: {'romantic': False, 'intimate': False, 'classy': False, 'hipster': False, 'divey': False, 'touristy': False, 'trendy': False, 'upscale': False, 'casual': True}","BikeParking: True","BusinessAcceptsCreditCards: True","BusinessParking: {'garage': False, 'street': False, 'validated': False, 'lot': False, 'valet': False}","Caters: False","GoodForKids: True","HasTV: False","NoiseLevel: loud","OutdoorSeating: False","RestaurantsAttire: casual","RestaurantsDelivery: False","RestaurantsGoodForGroups: True","RestaurantsPriceRange2: 1","RestaurantsReservations: False","RestaurantsTableService: True","RestaurantsTakeOut: True","WheelchairAccessible: True","WiFi: no","GoodForMeal: {'dessert': False, 'latenight': False, 'lunch': True, 'dinner': True, 'breakfast': True, 'brunch': False}"],"categories":["American (Traditional)","Restaurants"],"hours":["Monday 6:0-22:0","Tuesday 6:0-22:0","Wednesday 6:0-22:0","Thursday 6:0-22:0","Friday 6:0-22:0","Saturday 6:0-22:0","Sunday 9:0-22:0"],"type":"business"}
{"business_id":"U8_JrQdIpuTKw60vjc1-cw","name":"Shear Happiness by Brittany","neighborhood":"Spring Valley","address":"9931 W Charleston Blvd","city":"Las Vegas","state":"NV","postal_code":"89117","latitude":36.1137116,"longitude":-115.3063648,"stars":5.0,"review_count":7,"is_open":1,"attributes":["BusinessAcceptsCreditCards: True","ByAppointmentOnly: True","GoodForKids: True","RestaurantsPriceRange2: 2","WheelchairAccessible: True"],"categories":["Hair Salons","Hair Stylists","Beauty & Spas"],"hours":["Thursday 9:0-20:0","Friday 9:0-20:0","Saturday 9:0-16:0","Sunday 9:0-17:0"],"type":"business"}
{"business_id":"HanDs-I7qnmd-WXUrKP5HQ","name":"Max Luxx","neighborhood":"Downtown","address":"707 Fremont St, Ste 1340","city":"Las Vegas","state":"NV","postal_code":"89101","latitude":36.1679035,"longitude":-115.138142,"stars":5.0,"review_count":4,"is_open":0,"attributes":["BikeParking: True","BusinessAcceptsCreditCards: True","BusinessParking: {'garage': False, 'street': False, 'validated': False, 'lot': False, 'valet': False}","RestaurantsPriceRange2: 3"],"categories":["Shopping","Accessories","Used","Vintage & Consignment","Fashion"],"hours":["Monday 11:0-21:0","Tuesday 11:0-21:0","Wednesday 11:0-21:0","Thursday 11:0-21:0","Friday 11:0-22:0","Saturday 11:0-22:0","Sunday 11:0-20:0"],"type":"business"}
{"business_id":"csdZolWIWvkIHIqsCmV6sg","name":"City Vista","neighborhood":"Greentree","address":"325 Elizabeth Dr","city":"Pittsburgh","state":"PA","postal_code":"15220","latitude":40.4263863165,"longitude":-80.037872133,"stars":2.0,"review_count":5,"is_open":1,"attributes":["BusinessAcceptsCreditCards: True","ByAppointmentOnly: False"],"categories":["Hotels & Travel","Home Services","Hotels","Apartments","Event Planning & Services","Real Estate Services","Real Estate"],"hours":["Monday 10:0-18:0","Tuesday 10:0-18:0","Wednesday 10:0-18:0","Thursday 10:0-18:0","Friday 10:0-18:0","Saturday 10:0-17:0","Sunday 13:0-17:0"],"type":"business"}
{"business_id":"diXqpz9WOr4WLQq6uvARkg","name":"Firangi","neighborhood":"","address":"2880 Queen Street E","city":"Brampton","state":"ON","postal_code":"L6S","latitude":43.7426127,"longitude":-79.6987649,"stars":4.0,"review_count":7,"is_open":1,"attributes":["GoodForKids: True","RestaurantsDelivery: False","RestaurantsReservations: True","RestaurantsTableService: True","Alcohol: full_bar","BikeParking: False","BusinessParking: {'garage': False, 'street': False, 'validated': False, 'lot': True, 'valet': False}","Caters: True","DogsAllowed: False","HasTV: True","OutdoorSeating: False","RestaurantsTakeOut: True","WheelchairAccessible: True","WiFi: free","Ambience: {'romantic': False, 'intimate': False, 'classy': False, 'hipster': False, 'touristy': False, 'trendy': False, 'upscale': False, 'casual': False}","RestaurantsAttire: casual","RestaurantsGoodForGroups: True","RestaurantsPriceRange2: 3"],"categories":["Indian","Restaurants"],"hours":["Monday 11:30-15:0","Monday 17:0-23:0","Tuesday 11:30-15:0","Tuesday 17:0-23:0","Wednesday 11:30-15:0","Wednesday 17:0-23:0","Thursday 11:30-15:0","Thursday 17:0-23:0","Friday 11:30-15:0","Friday 17:0-23:0","Saturday 11:30-15:0","Saturday 17:0-23:0","Sunday 11:30-15:0","Sunday 17:0-23:0"],"type":"business"}
{"business_id":"kZwlVZ7zZa9TPiW-r3PlRw","name":"Mardi Gras Cake & Candy Supplies","neighborhood":"","address":"Lauren Hill Plaza, 24144 Lorain Rd","city":"North Olmsted","state":"OH","postal_code":"44070","latitude":41.4292536,"longitude":-81.889399,"stars":4.0,"review_count":7,"is_open":1,"attributes":["BikeParking: True","BusinessAcceptsCreditCards: True","BusinessParking: {'garage': False, 'street': False, 'validated': False, 'lot': True, 'valet': False}","RestaurantsPriceRange2: 2","WheelchairAccessible: True"],"categories":["Specialty Schools","Chocolatiers & Shops","Party Supplies","Candy Stores","Event Planning & Services","Specialty Food","Food","Education","Cooking Schools"],"hours":["Tuesday 10:0-18:0","Wednesday 10:0-18:0","Thursday 10:0-19:0","Friday 10:0-18:0","Saturday 10:0-17:0"],"type":"business"}
{"business_id":"6pSUvtk5-OOaJfX0hbkb8Q","name":"Ichiban Sushi","neighborhood":"Harbourfront","address":"250 Queens Quay W","city":"Toronto","state":"ON","postal_code":"M5J","latitude":43.6396011,"longitude":-79.3828902,"stars":3.5,"review_count":9,"is_open":0,"attributes":["Alcohol: beer_and_wine","BusinessAcceptsCreditCards: True","BusinessParking: {'garage': False, 'street': False, 'validated': False, 'lot': False, 'valet': False}","GoodForKids: True","GoodForMeal: {'dessert': False, 'latenight': False, 'lunch': False, 'dinner': False, 'breakfast': False, 'brunch': False}","OutdoorSeating: False","RestaurantsAttire: casual","RestaurantsDelivery: True","RestaurantsGoodForGroups: True","RestaurantsPriceRange2: 2","RestaurantsReservations: True","RestaurantsTableService: True","RestaurantsTakeOut: True","WheelchairAccessible: True"],"categories":["Restaurants","Japanese","Sushi Bars"],"hours":null,"type":"business"}
{"business_id":"se2a2QaJi8Yx_KjE1r-_sQ","name":"Eat'n Park Restaurant","neighborhood":"","address":"2075 Snow Rd","city":"Cleveland","state":"OH","postal_code":"44134","latitude":41.4051928,"longitude":-81.6930424,"stars":2.0,"review_count":17,"is_open":1,"attributes":["Alcohol: none","Ambience: {'romantic': False, 'intimate': False, 'classy': False, 'hipster': False, 'divey': False, 'touristy': False, 'trendy': False, 'upscale': False, 'casual': True}","BikeParking: False","BusinessAcceptsCreditCards: True","BusinessParking: {'garage': False, 'street': False, 'validated': False, 'lot': True, 'valet': False}","Caters: False","DogsAllowed: False","GoodForKids: True","GoodForMeal: {'dessert': False, 'latenight': False, 'lunch': False, 'dinner': False, 'breakfast': False, 'brunch': False}","HasTV: False","NoiseLevel: average","OutdoorSeating: False","RestaurantsAttire: casual","RestaurantsDelivery: False","RestaurantsGoodForGroups: True","RestaurantsPriceRange2: 1","RestaurantsReservations: False","RestaurantsTableService: True","RestaurantsTakeOut: True","WheelchairAccessible: True","WiFi: no"],"categories":["Breakfast & Brunch","Restaurants"],"hours":["Monday 7:0-22:0","Tuesday 7:0-22:0","Wednesday 7:0-22:0","Thursday 7:0-22:0","Friday 7:0-22:0","Saturday 7:0-22:0","Sunday 7:0-22:0"],"type":"business"}
{"business_id":"SGpnlO6TBpR_IFgOa3F8EQ","name":"Jiffy Smog","neighborhood":"Southwest","address":"7329 S Jones Blvd","city":"Las Vegas","state":"NV","postal_code":"89139","latitude":36.0560257561,"longitude":-115.225150438,"stars":2.5,"review_count":9,"is_open":1,"attributes":["BusinessAcceptsCreditCards: True"],"categories":["Smog Check Stations","Automotive"],"hours":null,"type":"business"}
{"business_id":"Gmxb5LWwncTTPi6_Ei9xxw","name":"Body Focus Fitness & Performance","neighborhood":"","address":"8400 S. Kyrene Rd, Ste 107","city":"Tempe","state":"AZ","postal_code":"85284","latitude":33.3374942261,"longitude":-111.945999474,"stars":5.0,"review_count":3,"is_open":1,"attributes":null,"categories":["Active Life","Trainers","Fitness & Instruction"],"hours":["Monday 5:0-20:0","Tuesday 5:0-20:0","Wednesday 5:0-20:0","Thursday 5:0-20:0","Friday 5:0-20:0","Saturday 6:0-12:0"],"type":"business"}
{"business_id":"FQlaetp-MdewsWwt6iby8Q","name":"Ambassador Blinds & Interior Design","neighborhood":"","address":"1330 W Auto Dr, Ste 106","city":"Tempe","state":"AZ","postal_code":"85284","latitude":33.3431488,"longitude":-111.9589448,"stars":5.0,"review_count":7,"is_open":1,"attributes":["BusinessAcceptsCreditCards: True"],"categories":["Interior Design","Home Services","Shades & Blinds"],"hours":["Monday 9:0-19:0","Tuesday 9:0-19:0","Wednesday 9:0-19:0","Thursday 9:0-19:0","Friday 9:0-19:0","Saturday 9:0-19:0"],"type":"business"}
{"business_id":"3hfDrgklIwVk6Ad9F_Sksw","name":"7-Eleven Food Stores","neighborhood":"","address":"12033 N 28th Drive","city":"Phoenix","state":"AZ","postal_code":"85029","latitude":33.5961481,"longitude":-112.1197325,"stars":3.0,"review_count":3,"is_open":1,"attributes":["BikeParking: True","BusinessAcceptsCreditCards: True","BusinessParking: {'garage': False, 'street': False, 'validated': False, 'lot': False, 'valet': False}","RestaurantsPriceRange2: 1"],"categories":["Food","Convenience Stores","Grocery"],"hours":null,"type":"business"}
{"business_id":"el3HILPUZ3gxN20wcTJr3A","name":"Dalisay Filipino Food","neighborhood":"","address":"800 Steeles Ave W","city":"Thornhill","state":"ON","postal_code":"L4J 7L2","latitude":43.7922629,"longitude":-79.4473231,"stars":2.0,"review_count":5,"is_open":1,"attributes":["Ambience: {'romantic': False, 'intimate': False, 'classy': False, 'hipster': False, 'touristy': False, 'trendy': False, 'upscale': False, 'casual': False}","BusinessAcceptsCreditCards: True","GoodForKids: True","OutdoorSeating: False","RestaurantsDelivery: False","RestaurantsGoodForGroups: True","RestaurantsPriceRange2: 3","RestaurantsReservations: True","RestaurantsTableService: False","RestaurantsTakeOut: True","WiFi: no"],"categories":["Filipino","Restaurants"],"hours":null,"type":"business"}
{"business_id":"kdjrQ2tuY4eqo4JZWIx50Q","name":"The Scarehouse","neighborhood":"Etna","address":"118 Locust St","city":"Etna","state":"PA","postal_code":"15223","latitude":40.499285,"longitude":-79.944321,"stars":3.5,"review_count":38,"is_open":1,"attributes":["GoodForKids: False"],"categories":["Performing Arts","Arts & Entertainment"],"hours":["Thursday 19:0-22:0","Friday 19:0-0:0","Saturday 19:0-0:0","Sunday 19:0-22:0"],"type":"business"}
{"business_id":"hSep-C-1JSC8c_8tR96etQ","name":"The Second Cup","neighborhood":"Yonge and St. Clair","address":"1560 Yonge St","city":"Toronto","state":"ON","postal_code":"M4T 2S9","latitude":43.6895611,"longitude":-79.3950445,"stars":3.0,"review_count":5,"is_open":1,"attributes":["BikeParking: True","BusinessAcceptsCreditCards: True","OutdoorSeating: True","RestaurantsPriceRange2: 3","RestaurantsTakeOut: True","WiFi: free"],"categories":["Coffee & Tea","Food"],"hours":null,"type":"business"}
{"business_id":"wAiuSH_aGIoWR5jR_Bsn0g","name":"The Ohm Factory","neighborhood":"","address":"3107 S Gilbert Rd, Ste 110","city":"Gilbert","state":"AZ","postal_code":"85295","latitude":33.2932652,"longitude":-111.7889728,"stars":5.0,"review_count":22,"is_open":1,"attributes":["BikeParking: True","BusinessAcceptsCreditCards: True","BusinessParking: {'garage': False, 'street': False, 'validated': False, 'lot': False, 'valet': False}","RestaurantsPriceRange2: 2","WheelchairAccessible: True"],"categories":["Shopping","Vape Shops"],"hours":["Monday 10:0-22:0","Tuesday 10:0-22:0","Wednesday 10:0-22:0","Thursday 10:0-22:0","Friday 10:0-23:0","Saturday 10:0-23:0","Sunday 12:0-20:0"],"type":"business"}
{"business_id":"AOMZ8esnjwqRHVUe_zvNGg","name":"Kay's Bar","neighborhood":"New Town","address":"39 Jamaica Street W","city":"Edinburgh","state":"EDH","postal_code":"EH3 6HF","latitude":55.9556000402,"longitude":-3.205036556,"stars":4.5,"review_count":18,"is_open":1,"attributes":["Alcohol: full_bar","Ambience: {'romantic': False, 'intimate': False, 'classy': False, 'hipster': False, 'touristy': False, 'trendy': False, 'upscale': False, 'casual': True}","BestNights: {'monday': False, 'tuesday': True, 'friday': False, 'wednesday': True, 'thursday': True, 'sunday': False, 'saturday': False}","BikeParking: True","BusinessAcceptsCreditCards: True","CoatCheck: False","DogsAllowed: True","GoodForDancing: False","HappyHour: False","HasTV: True","Music: {'dj': False, 'background_music': False, 'no_music': False, 'karaoke': False, 'live': False, 'video': False, 'jukebox': False}","NoiseLevel: average","OutdoorSeating: False","RestaurantsGoodForGroups: False","RestaurantsPriceRange2: 2","RestaurantsReservations: False","Smoking: no","WheelchairAccessible: True"],"categories":["Nightlife","Pubs","Bars"],"hours":["Monday 11:0-0:0","Tuesday 11:0-0:0","Wednesday 11:0-0:0","Thursday 11:0-0:0","Friday 11:0-1:0","Saturday 11:0-1:0","Sunday 12:30-23:0"],"type":"business"}
{"business_id":"HVSroCrxZdaIhvgXx7JIfQ","name":"CAA - Markham","neighborhood":"Brown's Corners","address":"8355 Woodbine Avenue","city":"Markham","state":"ON","postal_code":"L3R 2P4","latitude":43.8464474,"longitude":-79.3558828,"stars":3.0,"review_count":4,"is_open":1,"attributes":null,"categories":["Shopping","Hotels & Travel","Travel Services"],"hours":["Monday 9:0-18:0","Tuesday 9:0-18:0","Wednesday 9:0-18:0","Thursday 9:0-18:0","Friday 9:0-18:0","Saturday 9:30-16:30"],"type":"business"}
{"business_id":"hMh9XOwNQcu31NAOCqhAEw","name":"Taste of India","neighborhood":"Southeast","address":"4972 S Maryland Pkwy, Ste 22","city":"Las Vegas","state":"NV","postal_code":"89119","latitude":36.099142,"longitude":-115.136192,"stars":3.5,"review_count":33,"is_open":1,"attributes":["Alcohol: none","Ambience: {'romantic': False, 'intimate': False, 'classy': False, 'hipster': False, 'divey': False, 'touristy': False, 'trendy': False, 'upscale': False, 'casual': True}","BikeParking: True","BusinessAcceptsCreditCards: True","BusinessParking: {'garage': False, 'street': False, 'validated': False, 'lot': True, 'valet': False}","Caters: True","GoodForKids: True","HasTV: True","NoiseLevel: quiet","OutdoorSeating: False","RestaurantsAttire: casual","RestaurantsDelivery: True","RestaurantsGoodForGroups: True","RestaurantsPriceRange2: 2","RestaurantsReservations: True","RestaurantsTableService: True","RestaurantsTakeOut: True","WiFi: free","GoodForMeal: {'dessert': False, 'latenight': False, 'lunch': True, 'dinner': True, 'breakfast': False, 'brunch': False}"],"categories":["Restaurants","Vegetarian","Indian"],"hours":null,"type":"business"}
{"business_id":"pmJqSsCfgbo3TxPWpQNLIw","name":"Artisanal Foods Cafe","neighborhood":"Southeast","address":"2053 Pama Ln","city":"Las Vegas","state":"NV","postal_code":"89119","latitude":36.0658388,"longitude":-115.1239441,"stars":4.5,"review_count":35,"is_open":0,"attributes":["Ambience: {'romantic': False, 'intimate': False, 'classy': False, 'hipster': False, 'divey': False, 'touristy': False, 'trendy': False, 'upscale': False, 'casual': False}","BikeParking: False","BusinessAcceptsCreditCards: True","BusinessParking: {'garage': False, 'street': False, 'validated': False, 'lot': False, 'valet': False}","Caters: False","GoodForKids: False","GoodForMeal: {'dessert': False, 'latenight': False, 'lunch': False, 'dinner': False, 'breakfast': False, 'brunch': True}","HasTV: False","NoiseLevel: quiet","OutdoorSeating: False","RestaurantsAttire: casual","RestaurantsDelivery: False","RestaurantsGoodForGroups: False","RestaurantsPriceRange2: 2","RestaurantsReservations: True","RestaurantsTableService: True","RestaurantsTakeOut: True","WiFi: no"],"categories":["American (New)","Cafes","Restaurants"],"hours":["Wednesday 10:0-14:0","Thursday 10:0-14:0","Friday 10:0-14:0","Saturday 10:0-14:0","Sunday 10:0-14:0"],"type":"business"}
{"business_id":"4aU5TN3Q5SQB7DLeXza7dg","name":"Kech Men's Wear","neighborhood":"Southeast","address":"6569 S Las Vegas Blvd, Ste C 165","city":"Las Vegas","state":"NV","postal_code":"89119","latitude":36.0692097,"longitude":-115.1773388,"stars":4.5,"review_count":12,"is_open":1,"attributes":["BikeParking: True","BusinessAcceptsCreditCards: True","BusinessParking: {'garage': True, 'street': False, 'validated': False, 'lot': False, 'valet': False}","RestaurantsPriceRange2: 2","WheelchairAccessible: True"],"categories":["Sewing & Alterations","Men's Clothing","Shopping","Local Services","Fashion","Formal Wear"],"hours":["Monday 10:0-21:0","Tuesday 10:0-21:0","Wednesday 10:0-21:0","Thursday 10:0-21:0","Friday 10:0-22:0","Saturday 10:0-22:0","Sunday 11:0-20:0"],"type":"business"}
{"business_id":"-gNGk0SIbdBNSRBrzQAeSA","name":"Waggin Wheels Mobile Clinic","neighborhood":"","address":"","city":"Las Vegas","state":"NV","postal_code":"","latitude":36.175,"longitude":-115.136389,"stars":4.5,"review_count":13,"is_open":1,"attributes":null,"categories":["Pets","Veterinarians"],"hours":null,"type":"business"}
{"business_id":"PhGpWmiHPlgCjQNb6qYZYA","name":"Gass Peak","neighborhood":"","address":"Desert National Wildlife Refuge","city":"Las Vegas","state":"NV","postal_code":"","latitude":36.3997112534,"longitude":-115.189260704,"stars":5.0,"review_count":4,"is_open":1,"attributes":["BikeParking: True","BusinessParking: {'garage': False, 'street': False, 'validated': False, 'lot': False, 'valet': False}"],"categories":["Hiking","Active Life","Parks"],"hours":null,"type":"business"}
{"business_id":"Pqkc04NdJQQeNrxQG-F9kA","name":"Bojangles","neighborhood":"","address":"8327 Collins Rd","city":"Fort Mill","state":"SC","postal_code":"29707","latitude":34.9543037443,"longitude":-80.8513490669,"stars":1.5,"review_count":7,"is_open":1,"attributes":["BikeParking: False","BusinessAcceptsCreditCards: True","DriveThru: True","GoodForKids: True","GoodForMeal: {'dessert': False, 'latenight': False, 'lunch': False, 'dinner': False, 'breakfast': False, 'brunch': False}","HasTV: False","OutdoorSeating: False","RestaurantsAttire: casual","RestaurantsDelivery: False","RestaurantsGoodForGroups: True","RestaurantsPriceRange2: 1","RestaurantsReservations: False","RestaurantsTakeOut: True"],"categories":["Restaurants","Fast Food"],"hours":null,"type":"business"}
{"business_id":"j1znm_YRiTZrjmmcjs3jXw","name":"Cardinal Cabinets","neighborhood":"","address":"170 E Corporate Pl","city":"Chandler","state":"AZ","postal_code":"85225","latitude":33.3411962,"longitude":-111.8376361,"stars":4.5,"review_count":3,"is_open":1,"attributes":["BikeParking: True","BusinessAcceptsCreditCards: True","BusinessParking: {'garage': False, 'street': False, 'validated': False, 'lot': False, 'valet': False}","ByAppointmentOnly: False","RestaurantsPriceRange2: 2","WheelchairAccessible: True"],"categories":["Countertop Installation","Home Services","Shopping","Cabinetry","Home & Garden","Kitchen & Bath"],"hours":["Monday 8:0-17:0","Tuesday 8:0-17:0","Wednesday 8:0-17:0","Thursday 8:0-17:0","Friday 8:0-17:0","Saturday 8:0-14:0"],"type":"business"}
{"business_id":"1tgd4NvJ3T8qmp8SJ4S7sw","name":"Empire Photography","neighborhood":"Vilas","address":"1911 Monroe St","city":"Madison","state":"WI","postal_code":"53711","latitude":43.0641272,"longitude":-89.4177876,"stars":3.0,"review_count":4,"is_open":1,"attributes":["BusinessAcceptsCreditCards: True"],"categories":["Event Planning & Services","Photographers"],"hours":["Monday 8:30-17:0","Tuesday 8:30-17:0","Wednesday 8:30-17:0","Thursday 8:30-17:0","Friday 8:30-17:0"],"type":"business"}
{"business_id":"EthmQSgn_PjEHQbw_wn4ww","name":"The McCormick Scottsdale","neighborhood":"","address":"7401 N Scottsdale Rd","city":"Scottsdale","state":"AZ","postal_code":"85253","latitude":33.5479573,"longitude":-111.9247993,"stars":4.0,"review_count":38,"is_open":1,"attributes":["BusinessAcceptsCreditCards: True","RestaurantsPriceRange2: 2","WiFi: free"],"categories":["Hotels & Travel","Event Planning & Services","Hotels"],"hours":null,"type":"business"}
{"business_id":"sZ05KpeRuZEzFP5TD_PQkg","name":"Apt. 200","neighborhood":"West Queen West","address":"1034 Queen Street W","city":"Toronto","state":"ON","postal_code":"M6J 1H7","latitude":43.6441486,"longitude":-79.42028,"stars":2.0,"review_count":15,"is_open":1,"attributes":["AgesAllowed: 19plus","Ambience: {'romantic': False, 'intimate': False, 'classy': False, 'hipster': False, 'touristy': False, 'trendy': False, 'upscale': False, 'casual': False}","BikeParking: True","CoatCheck: True","HasTV: True","OutdoorSeating: False","RestaurantsGoodForGroups: True","RestaurantsPriceRange2: 2","RestaurantsReservations: False","Smoking: no"],"categories":["Lounges","Bars","Nightlife","Dance Clubs"],"hours":["Monday 17:0-2:30","Tuesday 17:0-2:30","Wednesday 17:0-2:30","Thursday 17:0-2:30","Friday 17:0-2:30","Saturday 17:0-2:30","Sunday 17:0-2:30"],"type":"business"}
{"business_id":"h7ZW6c1Vi9V6_-gd2Ch_4g","name":"Verizon Wireless Premium Retailer","neighborhood":"Bloomfield","address":"4815 Centre Ave","city":"Pittsburgh","state":"PA","postal_code":"15213","latitude":40.453725,"longitude":-79.946995,"stars":2.0,"review_count":5,"is_open":1,"attributes":["BusinessAcceptsCreditCards: True","BusinessParking: {'garage': False, 'street': False, 'validated': False, 'lot': True, 'valet': False}","DogsAllowed: True","RestaurantsPriceRange2: 4","WheelchairAccessible: True"],"categories":["Shopping","Mobile Phones"],"hours":["Monday 10:0-21:0","Tuesday 10:0-21:0","Wednesday 10:0-21:0","Thursday 10:0-21:0","Friday 10:0-21:0","Saturday 10:0-21:0","Sunday 11:0-17:0"],"type":"business"}
{"business_id":"0N22PPxNdJRaT9fEZQ3Kdg","name":"The Meadows Playground","neighborhood":"","address":"The Meadows","city":"Edinburgh","state":"EDH","postal_code":"EH14 4","latitude":55.9106293,"longitude":-3.316606,"stars":4.5,"review_count":3,"is_open":1,"attributes":null,"categories":["Active Life","Playgrounds"],"hours":null,"type":"business"}
{"business_id":"J3H6VSIgUTlACkb_HPFA8w","name":"Broken Yolk Cafe","neighborhood":"","address":"2034 E Southern Ave","city":"Mesa","state":"AZ","postal_code":"85204","latitude":33.3939166,"longitude":-111.7872721,"stars":3.5,"review_count":137,"is_open":1,"attributes":["Alcohol: full_bar","Ambience: {'romantic': False, 'intimate': False, 'classy': False, 'hipster': False, 'divey': False, 'touristy': False, 'trendy': False, 'upscale': False, 'casual': True}","BikeParking: True","BusinessAcceptsBitcoin: False","BusinessAcceptsCreditCards: True","BusinessParking: {'garage': False, 'street': False, 'validated': False, 'lot': True, 'valet': False}","Caters: False","GoodForKids: True","GoodForMeal: {'dessert': False, 'latenight': False, 'lunch': True, 'dinner': False, 'breakfast': True, 'brunch': True}","HasTV: True","NoiseLevel: average","OutdoorSeating: False","RestaurantsAttire: casual","RestaurantsDelivery: False","RestaurantsGoodForGroups: True","RestaurantsPriceRange2: 2","RestaurantsReservations: False","RestaurantsTableService: True","RestaurantsTakeOut: True","WheelchairAccessible: True","WiFi: free"],"categories":["Food","Restaurants","Breakfast & Brunch","Coffee & Tea"],"hours":["Monday 6:0-14:0","Tuesday 6:0-14:0","Wednesday 6:0-14:0","Thursday 6:0-14:0","Friday 6:0-14:0","Saturday 6:0-15:0","Sunday 6:0-15:0"],"type":"business"}
{"business_id":"aLM0zZHH2JDsetjpds-FAg","name":"RV Renovators","neighborhood":"","address":"2145 E Main St","city":"Mesa","state":"AZ","postal_code":"85213","latitude":33.4152896,"longitude":-111.7853334,"stars":3.5,"review_count":12,"is_open":1,"attributes":["BusinessAcceptsCreditCards: True"],"categories":["Body Shops","RV Dealers","Automotive","Auto Repair"],"hours":["Monday 8:0-17:0","Tuesday 8:0-17:0","Wednesday 8:0-17:0","Thursday 8:0-17:0","Friday 8:0-17:0","Saturday 9:0-12:0"],"type":"business"}
{"business_id":"Ja4stXdNYr39u5CZHMNtjw","name":"Cien Agaves Tacos & Tequila","neighborhood":"","address":"7228 E 1st Ave","city":"Scottsdale","state":"AZ","postal_code":"85251","latitude":33.4943986,"longitude":-111.9253409,"stars":3.5,"review_count":480,"is_open":1,"attributes":["Alcohol: full_bar","Ambience: {'romantic': False, 'intimate': False, 'classy': False, 'hipster': False, 'divey': False, 'touristy': False, 'trendy': False, 'upscale': False, 'casual': True}","BYOB: False","BYOBCorkage: no","BikeParking: True","BusinessAcceptsCreditCards: True","BusinessParking: {'garage': False, 'street': True, 'validated': False, 'lot': False, 'valet': False}","Caters: True","GoodForKids: True","GoodForMeal: {'dessert': False, 'latenight': False, 'lunch': True, 'dinner': True, 'breakfast': False, 'brunch': False}","HasTV: True","NoiseLevel: average","OutdoorSeating: True","RestaurantsAttire: casual","RestaurantsDelivery: False","RestaurantsGoodForGroups: True","RestaurantsPriceRange2: 2","RestaurantsReservations: True","RestaurantsTableService: True","RestaurantsTakeOut: True","WheelchairAccessible: True","WiFi: free"],"categories":["Mexican","Restaurants"],"hours":["Monday 11:0-23:0","Tuesday 11:0-0:0","Wednesday 11:0-23:0","Thursday 11:0-23:0","Friday 11:0-0:0","Saturday 11:0-0:0","Sunday 11:0-23:0"],"type":"business"}
{"business_id":"st_pnALlGB6OCWkb4e14mg","name":"Bada Boom Pasta Room","neighborhood":"","address":"4151 N Marshall Way","city":"Scottsdale","state":"AZ","postal_code":"85251","latitude":33.4957243,"longitude":-111.9287734,"stars":3.0,"review_count":23,"is_open":0,"attributes":["Alcohol: full_bar","BYOB: False","BYOBCorkage: no","BusinessAcceptsCreditCards: True","BusinessParking: {'garage': False, 'street': True, 'validated': False, 'lot': False, 'valet': False}","GoodForKids: True","GoodForMeal: {'dessert': False, 'latenight': False, 'lunch': False, 'dinner': True, 'breakfast': False, 'brunch': False}","OutdoorSeating: True","RestaurantsAttire: casual","RestaurantsDelivery: False","RestaurantsGoodForGroups: True","RestaurantsPriceRange2: 2","RestaurantsReservations: True","RestaurantsTableService: True","RestaurantsTakeOut: True","WheelchairAccessible: True"],"categories":["Pizza","Italian","Restaurants"],"hours":["Tuesday 11:0-22:0","Wednesday 11:0-22:0","Thursday 11:0-22:0","Friday 11:0-23:0","Saturday 11:0-23:0","Sunday 11:0-21:0"],"type":"business"}
{"business_id":"6TKJDgTrUoD3zu77A4JHnQ","name":"Coco's Family Restaurant","neighborhood":"","address":"4700 N Scottsdale Rd","city":"Scottsdale","state":"AZ","postal_code":"85251","latitude":33.5047782,"longitude":-111.9261807,"stars":2.5,"review_count":13,"is_open":0,"attributes":["Alcohol: none","Ambience: {'romantic': False, 'intimate': False, 'classy': False, 'hipster': False, 'divey': False, 'touristy': False, 'trendy': False, 'upscale': False, 'casual': False}","BusinessAcceptsCreditCards: True","BusinessParking: {'garage': False, 'street': False, 'validated': False, 'lot': True, 'valet': False}","Caters: False","GoodForKids: True","GoodForMeal: {'dessert': False, 'latenight': False, 'lunch': False, 'dinner': False, 'breakfast': False, 'brunch': False}","HasTV: False","NoiseLevel: average","OutdoorSeating: False","RestaurantsAttire: casual","RestaurantsDelivery: False","RestaurantsGoodForGroups: True","RestaurantsPriceRange2: 2","RestaurantsReservations: False","RestaurantsTableService: True","RestaurantsTakeOut: True","WheelchairAccessible: True","WiFi: free"],"categories":["American (Traditional)","Bakeries","Food","Restaurants"],"hours":null,"type":"business"}
{"business_id":"FGpQNuyA4ok_nr5GlEwaFw","name":"Disco","neighborhood":"","address":"4301 N Civic Center Plz","city":"Scottsdale","state":"AZ","postal_code":"85251","latitude":33.4989367,"longitude":-111.9213544,"stars":3.0,"review_count":12,"is_open":0,"attributes":["Alcohol: full_bar","BestNights: {'monday': False, 'tuesday': True, 'friday': True, 'wednesday': False, 'thursday': False, 'sunday': False, 'saturday': True}","BusinessAcceptsCreditCards: True","BusinessParking: {'garage': False, 'street': False, 'validated': False, 'lot': False, 'valet': False}","CoatCheck: False","HappyHour: False","Music: {'dj': True, 'background_music': False, 'no_music': False, 'karaoke': False, 'live': False, 'video': True, 'jukebox': False}","OutdoorSeating: True","RestaurantsGoodForGroups: True","RestaurantsPriceRange2: 2","Smoking: outdoor","WheelchairAccessible: True"],"categories":["Nightlife","Dance Clubs"],"hours":null,"type":"business"}
{"business_id":"qzc1QzSgaNpMPXqCXB-G3w","name":"A & M Corsons - A BioGuard Platinum Dealer","neighborhood":"","address":"2980 N 73rd St","city":"Scottsdale","state":"AZ","postal_code":"85251","latitude":33.4816773,"longitude":-111.9244992,"stars":4.5,"review_count":8,"is_open":1,"attributes":["BikeParking: False","BusinessAcceptsCreditCards: True","BusinessParking: {'garage': False, 'street': False, 'validated': False, 'lot': False, 'valet': False}","RestaurantsPriceRange2: 1"],"categories":["Shopping","Home & Garden","Swimming Pools","Active Life","Hot Tub & Pool","Pool Cleaners","Home Services","Pool & Hot Tub Service"],"hours":["Monday 9:0-18:0","Tuesday 9:0-18:0","Wednesday 9:0-18:0","Thursday 9:0-18:0","Friday 9:0-18:0","Saturday 8:0-17:0","Sunday 9:0-14:0"],"type":"business"}
{"business_id":"XE3mS-DlKGPDNVOezFIeJQ","name":"Tailoring by Joanna","neighborhood":"","address":"4419 N Scottsdale Rd # 108","city":"Scottsdale","state":"AZ","postal_code":"85251","latitude":33.500749,"longitude":-111.9257705,"stars":4.5,"review_count":12,"is_open":1,"attributes":["BusinessAcceptsCreditCards: False"],"categories":["Sewing & Alterations","Local Services"],"hours":["Monday 9:30-17:30","Tuesday 9:30-17:30","Wednesday 9:30-17:30","Thursday 9:30-17:30","Friday 9:30-17:30","Saturday 10:0-15:0"],"type":"business"}
{"business_id":"LgrGYXtuwumUODemA66VGQ","name":"Royal Taxi","neighborhood":"","address":"2075 Bayview Avenue","city":"Toronto","state":"ON","postal_code":"M4N 3M5","latitude":43.7217036,"longitude":-79.3760079,"stars":1.5,"review_count":18,"is_open":1,"attributes":null,"categories":["Hotels & Travel","Transportation","Taxis"],"hours":null,"type":"business"}
{"business_id":"TegeuAoYBVgQRUBiDLU7Mw","name":"Yours Truly Restaurants","neighborhood":"","address":"36 S Main St","city":"Hudson","state":"OH","postal_code":"44236","latitude":41.2387348,"longitude":-81.4405261,"stars":3.5,"review_count":52,"is_open":1,"attributes":["Alcohol: beer_and_wine","Ambience: {'romantic': False, 'intimate': False, 'classy': False, 'hipster': False, 'divey': False, 'touristy': False, 'trendy': False, 'upscale': False, 'casual': True}","BikeParking: True","BusinessAcceptsBitcoin: False","BusinessAcceptsCreditCards: True","BusinessParking: {'garage': False, 'street': False, 'validated': False, 'lot': True, 'valet': False}","Caters: True","DogsAllowed: False","DriveThru: False","GoodForKids: True","GoodForMeal: {'dessert': False, 'latenight': False, 'lunch': False, 'dinner': False, 'breakfast': True, 'brunch': True}","HasTV: True","NoiseLevel: average","OutdoorSeating: True","RestaurantsAttire: casual","RestaurantsDelivery: True","RestaurantsGoodForGroups: True","RestaurantsPriceRange2: 2","RestaurantsReservations: False","RestaurantsTableService: True","RestaurantsTakeOut: True","WheelchairAccessible: True","WiFi: free"],"categories":["Restaurants","Breakfast & Brunch","Burgers","Sandwiches"],"hours":["Monday 6:30-22:0","Tuesday 6:30-22:0","Wednesday 6:30-22:0","Thursday 6:30-22:0","Friday 6:30-23:0","Saturday 6:30-23:0","Sunday 7:30-22:0"],"type":"business"}
{"business_id":"CO7TpBuNFr_K0MTRaf9prw","name":"My Favorite Sweet Shoppe","neighborhood":"","address":"1597 Washington Pike","city":"Bridgeville","state":"PA","postal_code":"15017","latitude":40.3828646,"longitude":-80.0951019,"stars":5.0,"review_count":8,"is_open":1,"attributes":["BikeParking: False","BusinessAcceptsCreditCards: True","BusinessParking: {'garage': False, 'street': False, 'validated': False, 'lot': False, 'valet': False}","DogsAllowed: False","RestaurantsPriceRange2: 2","RestaurantsTakeOut: True","WheelchairAccessible: True"],"categories":["Chocolatiers & Shops","Candy Stores","Desserts","Gelato","Specialty Food","Food"],"hours":["Monday 10:0-20:0","Tuesday 10:0-20:0","Wednesday 10:0-20:0","Thursday 10:0-20:0","Friday 10:0-20:0","Saturday 10:0-20:0","Sunday 10:0-18:0"],"type":"business"}
{"business_id":"7caQImCyJKGHwSlsDNZHhA","name":"Feinkost Galeria","neighborhood":"","address":"Körnerstr. 19","city":"Ludwigsburg","state":"BW","postal_code":"71634","latitude":48.8983029,"longitude":9.1889038,"stars":5.0,"review_count":4,"is_open":1,"attributes":["BusinessAcceptsCreditCards: True","BusinessParking: {'garage': False, 'street': False, 'validated': False, 'lot': False, 'valet': False}","DietaryRestrictions: {'dairy-free': False, 'gluten-free': False, 'vegan': False, 'kosher': False, 'halal': False, 'soy-free': False, 'vegetarian': False}","RestaurantsPriceRange2: 3","WheelchairAccessible: True"],"categories":["Restaurants","Fruits & Veggies","Specialty Food","Delicatessen","Food","Cafes","Coffee & Tea"],"hours":["Monday 9:30-18:30","Tuesday 9:30-18:30","Wednesday 9:0-15:0","Thursday 9:30-18:30","Friday 9:30-18:30","Saturday 8:30-14:30"],"type":"business"}
{"business_id":"V8t85lFQj9Qwrn9EZRWLQw","name":"Sushi Making For The Soul","neighborhood":"","address":"201 Weston Road, Suite 101","city":"Toronto","state":"ON","postal_code":"M6N 3P1","latitude":43.6769912,"longitude":-79.4711745,"stars":4.5,"review_count":3,"is_open":1,"attributes":["BusinessAcceptsCreditCards: True"],"categories":["Education","Cooking Schools","Specialty Schools","Event Planning & Services","Caterers"],"hours":["Monday 0:0-0:0","Tuesday 0:0-0:0","Wednesday 0:0-0:0","Thursday 0:0-0:0","Friday 19:0-22:0","Saturday 19:0-22:0","Sunday 0:0-0:0"],"type":"business"}
{"business_id":"d4xLGNickA0WmtKWOk5tog","name":"Home2 Suites by Hilton Phoenix Chandler","neighborhood":"","address":"2490 West Queen Creek Rd","city":"Chandler","state":"AZ","postal_code":"85248","latitude":33.2616371,"longitude":-111.8845848,"stars":5.0,"review_count":10,"is_open":1,"attributes":["BusinessAcceptsBitcoin: False","BusinessAcceptsCreditCards: True","DogsAllowed: True","RestaurantsPriceRange2: 2","WiFi: free"],"categories":["Hotels","Hotels & Travel","Event Planning & Services"],"hours":["Monday 9:0-9:0","Tuesday 9:0-9:0","Wednesday 9:0-9:0","Thursday 9:0-9:0","Friday 9:0-9:0","Saturday 9:0-9:0","Sunday 9:0-9:0"],"type":"business"}
{"business_id":"n0LfBrR1U69VU9zFj1kSLA","name":"Avis Lubrication","neighborhood":"","address":"3620 E Indian School Rd","city":"Phoenix","state":"AZ","postal_code":"85018","latitude":33.495805,"longitude":-112.002703,"stars":5.0,"review_count":24,"is_open":0,"attributes":null,"categories":["Oil Change Stations","Automotive"],"hours":["Monday 8:0-18:0","Tuesday 8:0-18:0","Wednesday 8:0-18:0","Thursday 8:0-18:0","Friday 8:0-18:0","Saturday 8:0-17:0"],"type":"business"}
{"business_id":"1fqRRtxI7mHEXyUE80UMyQ","name":"Skypark","neighborhood":"","address":"3921 E Indian School Rd","city":"Phoenix","state":"AZ","postal_code":"85018","latitude":33.4945746,"longitude":-111.9966774,"stars":3.0,"review_count":13,"is_open":0,"attributes":["GoodForKids: True"],"categories":["Recreation Centers","Active Life","Trampoline Parks"],"hours":["Monday 11:0-20:0","Tuesday 11:0-20:0","Wednesday 10:0-20:0","Thursday 11:0-20:0","Friday 10:0-23:0","Saturday 10:0-23:0","Sunday 11:0-20:0"],"type":"business"}
{"business_id":"ZUvAR3I1uhC27zQFcRXumw","name":"Dina's Pizza & Pub","neighborhood":"Old Brooklyn","address":"5701 Memphis Ave","city":"Cleveland","state":"OH","postal_code":"44144","latitude":41.4395717,"longitude":-81.726279,"stars":3.5,"review_count":77,"is_open":1,"attributes":["Alcohol: full_bar","Ambience: {'romantic': False, 'intimate': False, 'classy': False, 'hipster': False, 'divey': False, 'touristy': False, 'trendy': False, 'upscale': False, 'casual': True}","BestNights: {'monday': False, 'tuesday': False, 'friday': True, 'wednesday': False, 'thursday': True, 'sunday': False, 'saturday': True}","BusinessAcceptsCreditCards: True","BusinessParking: {'garage': False, 'street': False, 'validated': False, 'lot': True, 'valet': False}","Caters: True","CoatCheck: False","DriveThru: True","GoodForDancing: False","GoodForKids: True","GoodForMeal: {'dessert': False, 'latenight': True, 'lunch': False, 'dinner': True, 'breakfast': False, 'brunch': False}","HappyHour: True","HasTV: True","Music: {'dj': False, 'background_music': False, 'no_music': False, 'karaoke': False, 'live': False, 'video': False, 'jukebox': True}","NoiseLevel: loud","OutdoorSeating: True","RestaurantsAttire: casual","RestaurantsDelivery: True","RestaurantsGoodForGroups: True","RestaurantsPriceRange2: 2","RestaurantsReservations: True","RestaurantsTableService: True","RestaurantsTakeOut: True","Smoking: outdoor","WheelchairAccessible: True","WiFi: free","BikeParking: False"],"categories":["Sports Bars","Nightlife","Bars","Pizza","Restaurants","Burgers"],"hours":["Monday 11:0-2:30","Tuesday 11:0-2:30","Wednesday 11:0-2:30","Thursday 11:0-2:30","Friday 11:0-2:30","Saturday 11:0-2:30","Sunday 11:0-2:30"],"type":"business"}
